{
    "avg_prec": 0.5887576274941079,
    "roc_auc": 0.9452381682549661
}